{"smallest_factor_data_2": [[16, 17, 18, 19, 20, 21, 22, 23, 24, 25, 26, 27, 28], [0.007692257563273112, 0.011988480885823568, 0.027614355087280273, 0.04875477155049642, 0.09935466448465984, 0.19946630795796713, 0.45690051714579266, 0.7980093955993652, 1.7783652941385906, 3.0762991110483804, 5.656430085500081, 11.442495584487915, 44.97134359677633]], "pollard_rho_data_v2_2": [[16, 17, 18, 19, 20, 21, 22, 23, 24, 25, 26, 27, 28, 29, 30, 31, 32, 33, 34, 35, 36, 37, 38, 39, 40, 41, 42, 43, 44, 45, 46, 47, 48, 49, 50, 51, 52, 53, 54, 55, 56, 57, 58, 59, 60, 61, 62, 63, 64, 65, 66, 67, 68, 69, 70, 71, 72, 73, 74, 75, 76, 77, 78, 79, 80, 81, 82, 83, 84, 85, 86, 87, 88, 89, 90, 91, 92, 93, 94, 95, 96, 97, 98, 99, 100, 101, 102, 103, 104, 105, 106, 107, 108, 109, 110, 111, 112, 113, 114, 115, 116, 117, 118, 119, 120, 121, 122, 123, 124, 125, 126, 127, 128, 129, 130, 131, 132, 133, 134, 135, 136, 137, 138, 139, 140, 141, 142, 143, 144, 145, 146, 147, 148, 149, 150, 151, 152, 153, 154, 155, 156, 157, 158, 159, 160, 161, 162, 163], [0.000709374745686849, 0.0006003379821777344, 0.0007807413736979166, 0.0048325856526692705, 0.00400845209757487, 0.0032269954681396484, 0.0114593505859375, 0.01128713289896647, 0.02725497881571452, 0.014708677927652994, 0.043684164683024086, 0.044315338134765625, 0.09258532524108887, 0.07753332455952962, 0.09233442942301433, 0.09137415885925293, 0.09302592277526855, 0.10451364517211914, 0.11781398455301921, 0.10395995775858562, 0.12085413932800293, 0.11418732007344563, 0.11243931452433269, 0.1426816781361898, 0.12788844108581543, 0.13287250200907388, 0.13155635197957358, 0.1362756093343099, 0.14207824071248373, 0.2125419775644938, 0.1829817295074463, 0.17115171750386557, 0.19275697072347006, 0.15723641713460287, 0.19752399126688638, 0.20592602094014487, 0.2581934928894043, 0.2195912996927897, 0.2020258108774821, 0.18001135190327963, 0.20363457997639975, 0.21290175120035806, 0.20059974988301596, 0.19070164362589517, 0.216597318649292, 0.23077193895975748, 0.20202318827311197, 0.20711588859558105, 0.20902085304260254, 0.2184757391611735, 0.21664301554361978, 0.21790337562561035, 0.22400665283203125, 0.2245666186014811, 0.22804474830627441, 0.23250659306844076, 0.2624955972035726, 0.23966375986735025, 0.2442444165547689, 0.24884422620137533, 0.2511913776397705, 0.2606479326883952, 0.2672206560770671, 0.2836885452270508, 0.36824433008829754, 0.314957062403361, 0.4858556588490804, 0.3751836617787679, 0.3121810754140218, 0.3719302813212077, 0.29754638671875, 0.30333876609802246, 0.31176257133483887, 0.3189919789632161, 0.37285590171813965, 0.4104613463083903, 0.42265772819519043, 0.41017961502075195, 0.38637057940165204, 0.5137184460957845, 0.5321259498596191, 0.5209203561147054, 0.4235857327779134, 0.42487462361653644, 0.4374510447184245, 0.4505951404571533, 0.5334880352020264, 0.5853391488393148, 0.755048672358195, 0.5285083452860514, 0.5119502544403076, 0.45779625574747723, 0.47933069864908856, 0.5062208970387777, 0.48259838422139484, 0.5227130254109701, 0.6982647577921549, 0.5430803298950195, 0.7210010687510172, 0.8105677763621012, 0.6279938220977783, 0.6344138781229655, 0.5336863199869791, 0.6038463115692139, 0.5735379854838053, 0.6052982012430826, 0.5567588011423746, 0.5891420046488444, 0.5614013671875, 0.5631968975067139, 0.5698668956756592, 0.5708123842875162, 0.5741376876831055, 0.5751296679178873, 0.6102349758148193, 0.5949432849884033, 0.5911064147949219, 0.5931893984476725, 0.615036408106486, 0.6150523821512858, 0.6439409255981445, 0.6235999266306559, 0.6198359330495199, 0.6303484439849854, 0.635344664255778, 0.6498229503631592, 0.6656386852264404, 0.6515146891276041, 0.6585693359375, 0.6879803339640299, 0.6745928923288981, 0.6921874682108561, 0.6878065268198649, 0.6997960408528646, 0.7072180112202963, 0.7364782492319742, 0.7128329277038574, 0.7180309295654297, 0.7333109378814697, 0.7423720359802246, 0.7621593475341797, 0.7397381464640299, 0.7466890017191569, 0.7588351567586263, 0.7567736307779948, 0.7920169830322266, 0.7724049886067709, 0.7770287195841471]]}