{"smallest_factor_data": [[16, 17, 18, 19, 20, 21, 22], [0.006529013315836589, 0.011339664459228516, 0.023756663004557293, 0.03906822204589844, 0.07994294166564941, 0.19141507148742676, 0.3486138979593913]], "pollard_rho_data_v1": [[16, 17, 18, 19, 20, 21, 22, 23, 24, 25, 26, 27, 28, 29, 30, 31, 32, 33, 34, 35, 36, 37, 38, 39, 40, 41, 42, 43, 44, 45, 46, 47, 48, 49, 50, 51, 52, 53, 54, 55, 56, 57, 58, 59, 60, 61, 62, 63, 64, 65, 66, 67, 68, 69, 70, 71, 72, 73, 74, 75, 76, 77, 78, 79, 80, 81, 82, 83, 84, 85], [0.00044163068135579425, 0.00045800209045410156, 0.002625068028767904, 0.0018884340922037761, 0.003718296686808268, 0.005330880482991536, 0.007807413736979167, 0.014156103134155273, 0.01567228635152181, 0.019837379455566406, 0.05178729693094889, 0.046149253845214844, 0.05388108889261881, 0.06565165519714355, 0.07450683911641438, 0.1104896863301595, 0.09912308057149251, 0.09432291984558105, 0.09475334485371907, 0.1066740353902181, 0.1006929874420166, 0.10356307029724121, 0.11356536547342937, 0.11256607373555501, 0.11360573768615723, 0.11769922574361165, 0.11997612317403157, 0.1219938596089681, 0.12587364514668783, 0.1293505827585856, 0.13334361712137857, 0.13683334986368814, 0.1508619785308838, 0.15635196367899576, 0.15187438329060873, 0.15702358881632486, 0.16286166508992514, 0.16270271937052408, 0.18691221872965494, 0.23629029591878256, 0.2243485450744629, 0.1755979855855306, 0.18131621678670248, 0.19680229822794595, 0.1871365706125895, 0.26531187693277997, 0.20406063397725424, 0.20798738797505698, 0.20953075091044107, 0.20869731903076172, 0.21140178044637045, 0.21749099095662436, 0.2172682285308838, 0.2231301466623942, 0.21895575523376465, 0.2215251922607422, 0.2553830146789551, 0.23052064577738443, 0.2327596346537272, 0.26306581497192383, 0.25682322184244794, 0.2651522954305013, 0.29704125722249347, 0.2589242458343506, 0.26537537574768066, 0.26719220479329425, 0.2712105909983317, 0.275831937789917, 0.2913666566212972, 0.3205570379892985]], "pollard_rho_data_v2": [[16, 17, 18, 19, 20, 21, 22, 23, 24, 25, 26, 27, 28, 29, 30, 31, 32, 33, 34, 35, 36, 37, 38, 39, 40, 41, 42, 43, 44, 45, 46, 47, 48, 49, 50, 51, 52, 53, 54, 55, 56, 57, 58, 59, 60, 61, 62, 63, 64, 65, 66, 67, 68, 69, 70, 71, 72, 73, 74, 75, 76, 77], [0.001161654790242513, 0.0015635490417480469, 0.001501321792602539, 0.0025119781494140625, 0.0035316944122314453, 0.005021333694458008, 0.006536006927490234, 0.009327252705891928, 0.019152243932088215, 0.030318419138590496, 0.02307732899983724, 0.05875253677368164, 0.04443256060282389, 0.0733497937520345, 0.0726006031036377, 0.10683401425679524, 0.08851559956868489, 0.10451428095499675, 0.10578227043151855, 0.10932636260986328, 0.10894330342610677, 0.12351226806640625, 0.1266960302988688, 0.11506406466166179, 0.12012259165445964, 0.12392473220825195, 0.12275234858194987, 0.14699586232503256, 0.12862261136372885, 0.1323669751485189, 0.1360320250193278, 0.1426843007405599, 0.14220436414082846, 0.14658395449320474, 0.15394910176595053, 0.15120180447896323, 0.15570727984110513, 0.15793792406717935, 0.16246771812438965, 0.1649161179860433, 0.16768097877502441, 0.19168305397033691, 0.20248174667358398, 0.21343994140625, 0.2449327309926351, 0.21061038970947266, 0.206160306930542, 0.1944406827290853, 0.2597657044728597, 0.22818120320638022, 0.20685323079427084, 0.21220763524373373, 0.21273120244344076, 0.21694143613179526, 0.21982423464457193, 0.2242412567138672, 0.2278460661570231, 0.23112964630126953, 0.24023262659708658, 0.24187151590983072, 0.24724928538004556, 0.32752299308776855]]}