{"smallest_factor_data": [[16, 17, 18, 19, 20, 21, 22], [0.0073321819305419925, 0.010413503646850586, 0.02435579299926758, 0.046499991416931154, 0.10317318439483643, 0.1714036464691162, 0.3793583869934082]], "pollard_rho_data_v1": [[16, 17, 18, 19, 20, 21, 22, 23, 24, 25, 26, 27, 28, 29, 30, 31, 32, 33, 34, 35, 36, 37, 38, 39, 40, 41, 42, 43, 44, 45, 46, 47, 48, 49, 50, 51, 52, 53, 54, 55, 56, 57, 58, 59, 60, 61, 62, 63, 64, 65, 66, 67, 68, 69, 70, 71, 72, 73, 74, 75, 76, 77, 78, 79, 80, 81, 82], [0.0004883289337158203, 0.0008796453475952148, 0.0011608600616455078, 0.0026659011840820313, 0.0030041933059692383, 0.005011248588562012, 0.006711268424987793, 0.013489603996276855, 0.014550185203552246, 0.020436477661132813, 0.034047269821166994, 0.042806482315063475, 0.06390078067779541, 0.07480812072753906, 0.07133405208587647, 0.09220075607299805, 0.09578046798706055, 0.09838225841522216, 0.09691681861877441, 0.10458738803863525, 0.1066011905670166, 0.108646559715271, 0.11858625411987304, 0.12155945301055908, 0.11494605541229248, 0.11781303882598877, 0.12002582550048828, 0.12755994796752929, 0.13196370601654053, 0.1395416498184204, 0.1404810905456543, 0.14261941909790038, 0.1461487293243408, 0.14821939468383788, 0.1595196008682251, 0.16044254302978517, 0.16029326915740966, 0.17535712718963622, 0.16850292682647705, 0.16614677906036376, 0.16533112525939941, 0.18089692592620848, 0.17957186698913574, 0.18746669292449952, 0.1914816379547119, 0.21795344352722168, 0.20030319690704346, 0.196075177192688, 0.20450074672698976, 0.20987579822540284, 0.21632106304168702, 0.21462714672088623, 0.22674996852874757, 0.2217686653137207, 0.22645063400268556, 0.22512950897216796, 0.25254666805267334, 0.23734536170959472, 0.2539500713348389, 0.24470305442810059, 0.2741097927093506, 0.25646789073944093, 0.26078205108642577, 0.26877536773681643, 0.27504184246063235, 0.28350608348846434, 0.31045827865600584]], "pollard_rho_data_v2": [[16, 17, 18, 19, 20, 21, 22, 23, 24, 25, 26, 27, 28, 29, 30, 31, 32, 33, 34, 35, 36, 37, 38, 39, 40, 41, 42, 43, 44, 45, 46, 47, 48, 49, 50, 51, 52, 53, 54, 55, 56, 57, 58, 59, 60, 61, 62, 63, 64, 65, 66, 67, 68, 69, 70, 71, 72, 73, 74, 75, 76, 77, 78], [0.000853872299194336, 0.0009059906005859375, 0.0017644882202148438, 0.002817845344543457, 0.004370212554931641, 0.007181811332702637, 0.009194684028625489, 0.012622261047363281, 0.01599390506744385, 0.025709867477416992, 0.03358151912689209, 0.031876206398010254, 0.06043484210968018, 0.07127573490142822, 0.09876046180725098, 0.13770749568939208, 0.10895612239837646, 0.09758942127227783, 0.10664150714874268, 0.10198571681976318, 0.10491878986358642, 0.10692570209503174, 0.11092841625213623, 0.11533377170562745, 0.12200214862823486, 0.11979975700378417, 0.14270074367523194, 0.15619969367980957, 0.14532394409179689, 0.14152779579162597, 0.14583227634429932, 0.1493783712387085, 0.15328569412231446, 0.15355730056762695, 0.1643925905227661, 0.1583575963973999, 0.15852172374725343, 0.18130319118499755, 0.18152730464935302, 0.18428318500518798, 0.17943665981292725, 0.1793001651763916, 0.17527735233306885, 0.17446548938751222, 0.1827763795852661, 0.18906161785125733, 0.19745326042175293, 0.19886772632598876, 0.21301765441894532, 0.20949146747589112, 0.21328999996185302, 0.21813714504241943, 0.2217559337615967, 0.23922286033630372, 0.21961636543273927, 0.2354966402053833, 0.24775073528289795, 0.2351154327392578, 0.27197465896606443, 0.28005404472351075, 0.2553365230560303, 0.2703167676925659, 0.3088371753692627]]}