{"smallest_factor_data_2": [[16, 17, 18, 19, 20, 21, 22, 23, 24], [0.006491899490356445, 0.016618967056274414, 0.024209976196289062, 0.04450201988220215, 0.1249837875366211, 0.22974491119384766, 0.3322789669036865, 0.620629072189331, 1.3137140274047852]], "pollard_rho_data_v2_2": [[16, 17, 18, 19, 20, 21, 22, 23, 24, 25, 26, 27, 28, 29, 30, 31, 32, 33, 34, 35, 36, 37, 38, 39, 40, 41, 42, 43, 44, 45, 46, 47, 48, 49, 50, 51, 52, 53, 54, 55, 56, 57, 58, 59, 60, 61, 62, 63, 64, 65, 66, 67, 68, 69, 70, 71, 72, 73, 74, 75, 76, 77, 78, 79, 80, 81, 82, 83, 84, 85, 86, 87, 88, 89, 90, 91, 92, 93, 94, 95, 96, 97, 98, 99, 100, 101, 102, 103, 104, 105, 106, 107, 108, 109, 110, 111, 112, 113, 114, 115, 116, 117, 118, 119, 120, 121, 122, 123, 124, 125, 126, 127, 128, 129, 130, 131, 132, 133, 134, 135, 136, 137, 138, 139, 140, 141, 142, 143, 144, 145, 146, 147, 148, 149, 150, 151, 152, 153, 154, 155, 156, 157, 158, 159, 160, 161, 162, 163, 164, 165, 166, 167, 168, 169, 170, 171, 172, 173, 174, 175, 176, 177, 178, 179, 180, 181, 182, 183, 184, 185, 186, 187, 188, 189, 190, 191, 192, 193, 194], [0.00045490264892578125, 0.0018527507781982422, 0.00177001953125, 0.004606962203979492, 0.002897977828979492, 0.00878000259399414, 0.008556127548217773, 0.0051860809326171875, 0.016881942749023438, 0.04053092002868652, 0.021751880645751953, 0.0821080207824707, 0.04085993766784668, 0.05426287651062012, 0.06015491485595703, 0.09690332412719727, 0.10896992683410645, 0.10165119171142578, 0.11039900779724121, 0.10966205596923828, 0.10603189468383789, 0.11130428314208984, 0.11564278602600098, 0.2104792594909668, 0.1207270622253418, 0.12089991569519043, 0.1285569667816162, 0.12964367866516113, 0.12958979606628418, 0.1354680061340332, 0.14379119873046875, 0.14563298225402832, 0.14951491355895996, 0.14963197708129883, 0.15767717361450195, 0.1645371913909912, 0.173630952835083, 0.17392396926879883, 0.17330217361450195, 0.1750190258026123, 0.17679500579833984, 0.1817021369934082, 0.1786360740661621, 0.18266582489013672, 0.1900942325592041, 0.19653606414794922, 0.2017688751220703, 0.2062380313873291, 0.25116801261901855, 0.20865416526794434, 0.21121501922607422, 0.2470242977142334, 0.23665809631347656, 0.250180721282959, 0.26268482208251953, 0.24431896209716797, 0.24135923385620117, 0.23604679107666016, 0.2487812042236328, 0.3792879581451416, 0.2734720706939697, 0.2574629783630371, 0.2547011375427246, 0.266066312789917, 0.2724630832672119, 0.2860252857208252, 0.2928502559661865, 0.3192009925842285, 0.3096921443939209, 0.3083970546722412, 0.32840394973754883, 0.32381129264831543, 0.3332068920135498, 0.37068700790405273, 0.34058332443237305, 0.3560488224029541, 0.3865480422973633, 0.3643479347229004, 0.60237717628479, 0.4539470672607422, 0.38242006301879883, 0.38476014137268066, 0.3964250087738037, 0.4051988124847412, 0.3994309902191162, 0.41112422943115234, 0.5225939750671387, 0.42413806915283203, 0.45583510398864746, 0.43330931663513184, 0.44722485542297363, 0.4576849937438965, 0.5299952030181885, 0.4738900661468506, 0.4787008762359619, 0.47042393684387207, 0.4754953384399414, 0.5377669334411621, 0.5115137100219727, 0.5587100982666016, 0.523277759552002, 0.5245611667633057, 0.8251709938049316, 0.5683839321136475, 0.5564749240875244, 0.5614001750946045, 0.5327210426330566, 0.5352518558502197, 0.5529179573059082, 0.5592100620269775, 0.5488090515136719, 0.5694267749786377, 0.5615019798278809, 0.5691559314727783, 0.5901432037353516, 0.61326003074646, 0.883929967880249, 0.6389000415802002, 0.8046629428863525, 0.7014610767364502, 0.6198122501373291, 0.6077880859375, 0.6432359218597412, 0.6315531730651855, 0.63838791847229, 0.7328708171844482, 0.662651777267456, 0.6479208469390869, 0.63191819190979, 0.671154260635376, 0.6561391353607178, 0.6301169395446777, 0.6733739376068115, 0.6652348041534424, 0.6487059593200684, 0.6687228679656982, 0.6819450855255127, 0.7870471477508545, 0.7884268760681152, 0.6762092113494873, 0.6950459480285645, 0.6867189407348633, 0.7105441093444824, 0.7359888553619385, 0.7210860252380371, 0.721451997756958, 0.7625749111175537, 0.765329122543335, 0.7528619766235352, 0.7390890121459961, 0.7513048648834229, 0.7817718982696533, 0.7810802459716797, 0.8357837200164795, 0.7853219509124756, 0.8073568344116211, 0.8153698444366455, 0.8019912242889404, 0.8140590190887451, 0.7894871234893799, 0.7838587760925293, 0.7795279026031494, 0.7995750904083252, 0.8063139915466309, 0.7993390560150146, 0.857874870300293, 0.822105884552002, 0.8582139015197754, 0.8392069339752197, 0.8458468914031982, 0.9436221122741699, 0.921356201171875, 0.9205031394958496, 0.9799280166625977, 0.9694368839263916, 0.9307260513305664, 0.9851028919219971, 0.9815647602081299, 1.064276933670044]]}