{"smallest_factor_data": [[16, 17, 18, 19, 20, 21, 22], [0.006262421607971191, 0.012723040580749512, 0.03737828731536865, 0.04808223247528076, 0.0932340145111084, 0.20608346462249755, 0.39318180084228516]], "pollard_rho_data_v1": [[16, 17, 18, 19, 20, 21, 22, 23, 24, 25, 26, 27, 28, 29, 30, 31, 32, 33, 34, 35, 36, 37, 38, 39, 40, 41, 42, 43, 44, 45, 46, 47, 48, 49, 50, 51, 52, 53, 54, 55, 56, 57], [0.004941821098327637, 0.0011077165603637696, 0.0013717412948608398, 0.002200007438659668, 0.003357243537902832, 0.005609965324401856, 0.007155799865722656, 0.011885476112365723, 0.013687205314636231, 0.0153550386428833, 0.04798903465270996, 0.0494448184967041, 0.05498237609863281, 0.0737112283706665, 0.07972629070281982, 0.08480391502380372, 0.09395334720611573, 0.09453990459442138, 0.10024149417877197, 0.11082751750946045, 0.11134457588195801, 0.12094967365264893, 0.10862383842468262, 0.11613571643829346, 0.12342596054077148, 0.12178776264190674, 0.12261168956756592, 0.12784986495971679, 0.1307133197784424, 0.12873330116271972, 0.14820578098297119, 0.1753326416015625, 0.1420825719833374, 0.14205281734466552, 0.15359551906585694, 0.1513458251953125, 0.14847021102905272, 0.19445979595184326, 0.16665830612182617, 0.258120059967041, 0.19838361740112304, 0.4320418119430542]], "pollard_rho_data_v2": [[16, 17, 18, 19, 20, 21, 22, 23, 24, 25, 26, 27, 28, 29, 30, 31, 32, 33, 34, 35, 36, 37, 38, 39, 40, 41, 42, 43, 44, 45, 46, 47, 48, 49, 50, 51, 52, 53, 54, 55, 56, 57, 58, 59, 60, 61, 62, 63, 64, 65, 66, 67, 68, 69, 70, 71, 72, 73, 74, 75, 76, 77, 78], [0.000853872299194336, 0.0009059906005859375, 0.0017644882202148438, 0.002817845344543457, 0.004370212554931641, 0.007181811332702637, 0.009194684028625489, 0.012622261047363281, 0.01599390506744385, 0.025709867477416992, 0.03358151912689209, 0.031876206398010254, 0.06043484210968018, 0.07127573490142822, 0.09876046180725098, 0.13770749568939208, 0.10895612239837646, 0.09758942127227783, 0.10664150714874268, 0.10198571681976318, 0.10491878986358642, 0.10692570209503174, 0.11092841625213623, 0.11533377170562745, 0.12200214862823486, 0.11979975700378417, 0.14270074367523194, 0.15619969367980957, 0.14532394409179689, 0.14152779579162597, 0.14583227634429932, 0.1493783712387085, 0.15328569412231446, 0.15355730056762695, 0.1643925905227661, 0.1583575963973999, 0.15852172374725343, 0.18130319118499755, 0.18152730464935302, 0.18428318500518798, 0.17943665981292725, 0.1793001651763916, 0.17527735233306885, 0.17446548938751222, 0.1827763795852661, 0.18906161785125733, 0.19745326042175293, 0.19886772632598876, 0.21301765441894532, 0.20949146747589112, 0.21328999996185302, 0.21813714504241943, 0.2217559337615967, 0.23922286033630372, 0.21961636543273927, 0.2354966402053833, 0.24775073528289795, 0.2351154327392578, 0.27197465896606443, 0.28005404472351075, 0.2553365230560303, 0.2703167676925659, 0.3088371753692627]]}