{"smallest_factor_data_2": [[16, 17, 18, 19, 20, 21, 22, 23], [0.011053085327148438, 0.012920856475830078, 0.030076265335083008, 0.03821897506713867, 0.07445693016052246, 0.18589997291564941, 0.27596402168273926, 0.8395681381225586]], "pollard_rho_data_v2_2": [[16, 17, 18, 19, 20, 21, 22, 23, 24, 25, 26, 27, 28, 29, 30, 31, 32, 33, 34, 35, 36, 37, 38, 39, 40, 41, 42, 43, 44, 45, 46, 47, 48, 49, 50, 51, 52, 53, 54, 55, 56, 57, 58, 59, 60, 61, 62, 63, 64, 65, 66, 67, 68, 69, 70, 71, 72, 73, 74, 75, 76, 77, 78, 79, 80], [0.0005769729614257812, 0.0013260841369628906, 0.0018031597137451172, 0.0024170875549316406, 0.0036809444427490234, 0.002324819564819336, 0.007156848907470703, 0.013555049896240234, 0.016628026962280273, 0.03826594352722168, 0.07686614990234375, 0.07480883598327637, 0.05959606170654297, 0.05341482162475586, 0.09085488319396973, 0.09582781791687012, 0.12002825736999512, 0.10369992256164551, 0.10350608825683594, 0.10577511787414551, 0.10985112190246582, 0.11388492584228516, 0.1908731460571289, 0.12124896049499512, 0.12199282646179199, 0.1271522045135498, 0.13084101676940918, 0.13111090660095215, 0.13823699951171875, 0.1409749984741211, 0.14427423477172852, 0.18604397773742676, 0.14621591567993164, 0.1503009796142578, 0.15219902992248535, 0.15702509880065918, 0.15866398811340332, 0.23408722877502441, 0.1686108112335205, 0.17939305305480957, 0.17895889282226562, 0.1787881851196289, 0.1840810775756836, 0.18483996391296387, 0.2076091766357422, 0.2804708480834961, 0.20221972465515137, 0.21379590034484863, 0.21265506744384766, 0.2176072597503662, 0.2176342010498047, 0.22601008415222168, 0.2240300178527832, 0.2301161289215088, 0.22833585739135742, 0.22730398178100586, 0.2535061836242676, 0.24318194389343262, 0.2508981227874756, 0.24814414978027344, 0.2617957592010498, 0.26401805877685547, 0.26214599609375, 0.2817261219024658, 0.3525731563568115]]}