{"smallest_factor_data": [[16, 17, 18, 19, 20, 21, 22, 23, 24, 25, 26, 27, 28, 29, 30, 31], [0.009965181350708008, 0.011403083801269531, 0.025700092315673828, 0.04480886459350586, 0.10410094261169434, 0.16196703910827637, 0.2842588424682617, 0.6265013217926025, 2.0379679203033447, 4.184271812438965, 8.318742036819458, 10.981008052825928, 20.522346019744873, 55.57420015335083, 102.42097210884094, 1076.6813549995422]], "pollard_rho_data_v1": [[16, 17, 18, 19, 20, 21, 22, 23, 24, 25, 26, 27, 28, 29, 30, 31, 32, 33, 34, 35, 36, 37, 38, 39, 40, 41, 42, 43, 44, 45, 46, 47, 48, 49, 50, 51, 52, 53, 54, 55, 56, 57, 58, 59, 60, 61, 62, 63, 64, 65, 66, 67, 68, 69, 70, 71, 72, 73, 74, 75, 76, 77, 78, 79, 80, 81, 82, 83, 84, 85, 86, 87, 88, 89, 90, 91, 92, 93, 94, 95, 96, 97, 98, 99, 100, 101, 102, 103, 104, 105, 106, 107, 108, 109, 110, 111, 112, 113, 114, 115, 116, 117, 118, 119, 120, 121, 122, 123, 124, 125, 126, 127, 128, 129, 130, 131, 132, 133, 134, 135, 136, 137, 138, 139, 140, 141, 142, 143, 144, 145, 146, 147, 148, 149, 150, 151, 152, 153, 154, 155, 156, 157, 158, 159, 160, 161, 162, 163, 164, 165, 166, 167, 168, 169, 170, 171, 172, 173, 174, 175, 176, 177, 178, 179, 180, 181, 182, 183, 184, 185, 186, 187, 188, 189, 190, 191, 192, 193, 194, 195, 196, 197, 198, 199, 200, 201, 202, 203, 204, 205, 206, 207, 208, 209, 210, 211, 212, 213, 214, 215, 216, 217, 218, 219, 220, 221, 222, 223, 224, 225, 226, 227, 228, 229, 230, 231, 232, 233, 234, 235, 236, 237, 238, 239, 240, 241, 242, 243, 244, 245, 246, 247, 248, 249, 250, 251, 252, 253, 254, 255, 256, 257, 258, 259, 260, 261, 262, 263, 264, 265, 266, 267, 268, 269, 270, 271, 272, 273, 274, 275, 276, 277, 278, 279, 280, 281, 282, 283, 284, 285, 286, 287, 288, 289, 290, 291, 292, 293, 294, 295, 296, 297, 298, 299, 300, 301, 302, 303, 304, 305, 306, 307, 308, 309, 310, 311, 312, 313, 314, 315, 316, 317, 318, 319, 320, 321, 322, 323, 324, 325, 326, 327, 328, 329, 330, 331, 332, 333, 334, 335, 336, 337, 338, 339, 340], [0.0008819103240966797, 0.0007531642913818359, 0.0008878707885742188, 0.003143310546875, 0.002145051956176758, 0.0012390613555908203, 0.01353597640991211, 0.014302968978881836, 0.019716739654541016, 0.029874801635742188, 0.04930996894836426, 0.047471046447753906, 0.08394026756286621, 0.07710790634155273, 0.08384513854980469, 0.08893227577209473, 0.09363412857055664, 0.0929250717163086, 0.09990906715393066, 0.10087800025939941, 0.10133099555969238, 0.10544610023498535, 0.11319708824157715, 0.11213302612304688, 0.1211690902709961, 0.12256264686584473, 0.12205624580383301, 0.13415193557739258, 0.13444876670837402, 0.13706517219543457, 0.14538002014160156, 0.1427006721496582, 0.14519286155700684, 0.14829015731811523, 0.14822888374328613, 0.15176010131835938, 0.15526413917541504, 0.16086983680725098, 0.16014599800109863, 0.1646900177001953, 0.16643190383911133, 0.1727309226989746, 0.17412304878234863, 0.17629218101501465, 0.18125700950622559, 0.1840970516204834, 0.1907188892364502, 0.19458794593811035, 0.20095610618591309, 0.20044183731079102, 0.21641778945922852, 0.20624423027038574, 0.20936012268066406, 0.2143239974975586, 0.2162771224975586, 0.22589588165283203, 0.22606468200683594, 0.23450922966003418, 0.23238611221313477, 0.23821306228637695, 0.24692606925964355, 0.2526688575744629, 0.25308990478515625, 0.2562291622161865, 0.264556884765625, 0.26832103729248047, 0.28234291076660156, 0.27582788467407227, 0.284329891204834, 0.2898881435394287, 0.29590606689453125, 0.3018350601196289, 0.3081197738647461, 0.317241907119751, 0.3266739845275879, 0.32756805419921875, 0.3386061191558838, 0.4385521411895752, 0.35498976707458496, 0.36377882957458496, 0.36600804328918457, 0.37608981132507324, 0.378633975982666, 0.38808703422546387, 0.4056839942932129, 0.3948171138763428, 0.40256786346435547, 0.4048788547515869, 0.41121578216552734, 0.41510701179504395, 0.42207813262939453, 0.4268639087677002, 0.4328467845916748, 0.43848490715026855, 0.44504308700561523, 0.450423002243042, 0.4517810344696045, 0.455873966217041, 0.46343183517456055, 0.4678781032562256, 0.47571492195129395, 0.4917900562286377, 0.499722957611084, 0.49480700492858887, 0.5025591850280762, 0.5216810703277588, 0.5148999691009521, 0.517467737197876, 0.5234830379486084, 0.5257227420806885, 0.533674955368042, 0.5401091575622559, 0.5390269756317139, 0.5545730590820312, 0.5536479949951172, 0.5557301044464111, 0.5628941059112549, 0.5679569244384766, 0.5670878887176514, 0.5738580226898193, 0.5855529308319092, 0.5905759334564209, 0.5941088199615479, 0.6163637638092041, 0.6053802967071533, 0.6167290210723877, 0.6213440895080566, 0.6252460479736328, 0.6270837783813477, 0.6499269008636475, 0.6392059326171875, 0.6417098045349121, 0.6487720012664795, 0.6550641059875488, 0.6560215950012207, 0.6693580150604248, 0.6779689788818359, 0.6872451305389404, 0.7194602489471436, 0.7256011962890625, 0.7311220169067383, 0.7442498207092285, 0.7557039260864258, 0.7246630191802979, 0.7263679504394531, 0.7276968955993652, 0.7319228649139404, 0.8257746696472168, 0.7492029666900635, 0.7501559257507324, 0.7668430805206299, 0.7870070934295654, 0.7714722156524658, 0.7779426574707031, 0.7794382572174072, 0.7856960296630859, 0.7971091270446777, 0.7950987815856934, 0.7954990863800049, 0.8051209449768066, 0.8080799579620361, 0.8244228363037109, 0.8243498802185059, 0.8431870937347412, 0.846668004989624, 0.8577280044555664, 0.8664391040802002, 0.878777265548706, 0.8723328113555908, 0.8732790946960449, 0.870507001876831, 0.8776450157165527, 0.8864402770996094, 0.8907470703125, 0.9085509777069092, 0.9066891670227051, 0.9126031398773193, 0.9195899963378906, 0.9259886741638184, 0.9352080821990967, 0.9442861080169678, 0.9544928073883057, 0.968001127243042, 0.9721469879150391, 0.9835238456726074, 0.9811351299285889, 0.9896340370178223, 1.1405830383300781, 0.9572489261627197, 0.961165189743042, 0.9649569988250732, 0.974600076675415, 0.9877848625183105, 0.9836089611053467, 1.0171051025390625, 1.0109598636627197, 1.0164859294891357, 1.0216119289398193, 1.0224010944366455, 1.0274202823638916, 1.0284481048583984, 1.0438151359558105, 1.056424856185913, 1.0703611373901367, 1.073612928390503, 53.182024002075195, 1.9692418575286865, 1.221017837524414, 1.302623987197876, 1.2029902935028076, 1.2068469524383545, 1.3737678527832031, 1.2666592597961426, 1.462961196899414, 1.2490239143371582, 1.2442350387573242, 1.2475709915161133, 1.285125970840454, 1.2561979293823242, 1.2569758892059326, 1.265476942062378, 1.269115686416626, 1.2680048942565918, 1.2719600200653076, 1.260822057723999, 1.2963731288909912, 1.291614055633545, 1.3066158294677734, 1.3067140579223633, 1.308755874633789, 1.3149621486663818, 1.3252310752868652, 1.436176061630249, 1.3379719257354736, 1.3440091609954834, 1.353888988494873, 1.3585917949676514, 1.3624110221862793, 1.3700752258300781, 1.3913931846618652, 1.3892440795898438, 1.4188580513000488, 1.419187307357788, 1.4173610210418701, 1.4232540130615234, 1.4351990222930908, 1.4518089294433594, 1.4482591152191162, 1.4722888469696045, 1.4636919498443604, 1.4676032066345215, 1.467452049255371, 1.4773380756378174, 1.4705989360809326, 1.4871091842651367, 1.5114388465881348, 1.5044872760772705, 1.5140118598937988, 1.5275630950927734, 1.6191401481628418, 1.5427331924438477, 1.5378329753875732, 1.5575790405273438, 1.7550849914550781, 1.511883020401001, 1.49068021774292, 1.5012271404266357, 1.4946720600128174, 1.49812912940979, 1.4998021125793457, 1.5245120525360107, 1.5341649055480957, 1.5385260581970215, 1.5395119190216064, 334.2726819515228, 2.7511322498321533, 1.9027671813964844, 1.8213038444519043, 1.761267900466919, 1.6961259841918945, 1.705773115158081, 1.7389938831329346, 1.707036018371582, 1.7600619792938232, 1.7188971042633057, 1.7376360893249512, 1.7786271572113037, 1.7612941265106201, 1.7883539199829102, 1.776266098022461, 1.7777371406555176, 1.787233829498291, 1.9060039520263672, 1.822390079498291, 1.8117549419403076, 1.8419368267059326, 1.831341028213501, 1.854180097579956, 